student_id,name,department,semester,gpa,credits
S0187,Taha Khan,Artificial Intelligence,3,4.0,17
S0222,Areeba Akram,Cyber Security,4,4.0,15
S0460,Hamza Ahmed,Data Science,2,3.99,21
S0286,Saad Butt,Information Technology,5,3.99,15
S0292,Talha Farooq,Software Engineering,7,3.98,14
S0054,Hussain Khan,Data Science,8,3.98,16
S0112,Bilal Malik,Computer Science,2,3.98,16
S0308,Zain Nawaz,Cyber Security,2,3.98,21
S0067,Ahmed Siddiqui,Data Science,4,3.97,14
S0399,Saad Butt,Software Engineering,7,3.96,19
S0407,Hussain Latif,Cyber Security,1,3.95,15
S0220,Hamza Raza,Software Engineering,4,3.95,15
S0495,Saad Siddiqui,Computer Science,8,3.95,18
S0326,Saad Malik,Computer Science,7,3.94,17
S0390,Ayesha Akram,Artificial Intelligence,1,3.94,19
S0147,Zoya Raza,Data Science,4,3.94,15
S0393,Zain Khan,Computer Science,8,3.94,20
S0122,Hassan Butt,Data Science,4,3.93,13
S0501,Ayesha Raza,Computer Science,3,3.93,20
S0159,Hassan Raza,Computer Science,3,3.93,21
S0415,Areeba Sheikh,Information Technology,8,3.92,16
S0310,Saad Butt,Software Engineering,3,3.92,20
S0202,Zoya Malik,Artificial Intelligence,5,3.92,16
S0473,Dua Sheikh,Computer Science,7,3.92,19
S0314,Hira Khan,Cyber Security,4,3.91,21
S0493,Bilal Sheikh,Data Science,7,3.91,19
S0098,Ahmed Nawaz,Computer Science,4,3.9,21
S0211,Bilal Rehman,Artificial Intelligence,3,3.89,17
S0474,Dua Chaudhry,Cyber Security,7,3.89,13
S0480,Maryam Siddiqui,Computer Science,8,3.89,15
S0545,Hamza Malik,Artificial Intelligence,6,3.89,18
S0252,Areeba Malik,Artificial Intelligence,2,3.89,13
S0120,Ali Sheikh,Computer Science,8,3.88,19
S0119,Zain Sheikh,Artificial Intelligence,7,3.87,17
S0172,Hamza Chaudhry,Computer Science,3,3.87,16
S0457,Bilal Malik,Artificial Intelligence,7,3.87,21
S0215,Noor Akram,Data Science,2,3.86,15
S0304,Hussain Iqbal,Information Technology,1,3.86,16
S0123,Noor Qureshi,Artificial Intelligence,7,3.86,21
S0409,Fatima Butt,Computer Science,5,3.86,16
S0162,Zoya Sheikh,Data Science,8,3.85,21
S0450,Saad Akram,Data Science,3,3.85,15
S0100,Hussain Chaudhry,Software Engineering,4,3.85,14
S0349,Ali Khan,Information Technology,7,3.85,14
S0516,Zoya Qureshi,Software Engineering,1,3.85,18
S0114,Hussain Butt,Artificial Intelligence,8,3.84,13
S0059,Hira Akram,Software Engineering,5,3.84,12
S0452,Maryam Iqbal,Artificial Intelligence,7,3.84,16
S0111,Hassan Raza,Software Engineering,7,3.84,20
S0274,Hamza Khan,Software Engineering,2,3.84,21
S0430,Ayesha Malik,Artificial Intelligence,2,3.84,20
S0002,Dua Rehman,Computer Science,7,3.83,18
S0541,Hamza Nawaz,Information Technology,8,3.83,17
S0053,Areeba Rehman,Information Technology,7,3.83,19
S0469,Taha Raza,Computer Science,1,3.82,12
S0481,Noor Farooq,Software Engineering,2,3.82,17
S0250,Maryam Malik,Software Engineering,2,3.81,13
S0351,Hamza Rehman,Data Science,3,3.81,12
S0496,Zoya Siddiqui,Artificial Intelligence,3,3.81,21
S0253,Noor Qureshi,Data Science,7,3.8,14
S0359,Sara Nawaz,Artificial Intelligence,4,3.8,20
S0028,Usman Qureshi,Data Science,2,3.8,15
S0262,Areeba Qureshi,Artificial Intelligence,5,3.8,18
S0060,Noor Farooq,Cyber Security,7,3.8,15
S0510,Noor Siddiqui,Artificial Intelligence,7,3.79,14
S0244,Noor Malik,Information Technology,4,3.79,14
S0438,Hamza Siddiqui,Software Engineering,7,3.79,16
S0352,Areeba Nawaz,Cyber Security,5,3.78,13
S0478,Ali Farooq,Data Science,8,3.78,14
S0103,Dua Siddiqui,Artificial Intelligence,5,3.78,19
S0238,Dua Siddiqui,Computer Science,2,3.77,17
S0152,Hussain Iqbal,Computer Science,7,3.77,19
S0242,Maryam Iqbal,Data Science,7,3.77,14
S0248,Usman Khan,Cyber Security,4,3.76,21
S0294,Hassan Raza,Data Science,5,3.75,14
S0296,Ayesha Iqbal,Cyber Security,8,3.74,16
S0397,Sara Sheikh,Artificial Intelligence,7,3.74,18
S0500,Saad Sheikh,Computer Science,5,3.74,18
S0373,Noor Chaudhry,Artificial Intelligence,5,3.73,13
S0131,Zain Nawaz,Software Engineering,5,3.72,18
S0424,Fatima Raza,Data Science,7,3.72,20
S0485,Hassan Ahmed,Data Science,6,3.71,17
S0269,Zoya Farooq,Software Engineering,3,3.7,12
S0423,Noor Iqbal,Artificial Intelligence,4,3.7,17
S0042,Taha Khan,Cyber Security,7,3.7,13
S0538,Hussain Raza,Information Technology,1,3.69,21
S0316,Ali Rehman,Information Technology,5,3.69,17
S0521,Hassan Butt,Cyber Security,2,3.68,16
S0364,Hamza Latif,Artificial Intelligence,3,3.68,17
S0116,Ayesha Qureshi,Cyber Security,5,3.67,18
S0459,Noor Iqbal,Cyber Security,2,3.67,20
S0491,Hamza Rehman,Cyber Security,5,3.67,14
S0417,Zoya Farooq,Information Technology,7,3.67,16
S0309,Dua Nawaz,Artificial Intelligence,4,3.66,18
S0245,Hira Farooq,Data Science,2,3.66,13
S0475,Talha Nawaz,Information Technology,2,3.66,13
S0173,Hussain Malik,Software Engineering,7,3.66,12
S0408,Usman Iqbal,Data Science,3,3.66,14
S0367,Talha Sheikh,Data Science,3,3.64,15
S0124,Zain Malik,Cyber Security,7,3.64,21
S0338,Ahmed Ahmed,Cyber Security,6,3.64,19
S0270,Noor Farooq,Information Technology,4,3.64,15
S0306,Ali Chaudhry,Data Science,5,3.63,14
S0329,Hamza Sheikh,Artificial Intelligence,3,3.62,18
S0135,Bilal Chaudhry,Information Technology,7,3.62,12
S0045,Bilal Butt,Cyber Security,1,3.62,21
S0195,Hamza Chaudhry,Computer Science,4,3.61,12
S0184,Ayesha Butt,Cyber Security,5,3.61,14
S0268,Taha Ahmed,Artificial Intelligence,5,3.6,20
S0029,Hamza Latif,Information Technology,5,3.59,13
S0006,Bilal Rehman,Information Technology,7,3.59,18
S0484,Hamza Rehman,Artificial Intelligence,8,3.59,17
S0410,Bilal Khan,Computer Science,4,3.59,18
S0331,Zain Qureshi,Data Science,7,3.58,17
S0370,Fatima Siddiqui,Software Engineering,1,3.58,18
S0431,Sara Malik,Software Engineering,3,3.58,17
S0539,Noor Ahmed,Information Technology,6,3.58,21
S0003,Saad Akram,Computer Science,4,3.58,17
S0513,Fatima Akram,Cyber Security,5,3.58,17
S0174,Ayesha Latif,Data Science,4,3.58,12
S0024,Ali Siddiqui,Information Technology,2,3.58,15
S0229,Talha Latif,Information Technology,6,3.57,18
S0080,Noor Khan,Artificial Intelligence,5,3.57,18
S0429,Sara Malik,Cyber Security,4,3.57,15
S0395,Ayesha Malik,Information Technology,5,3.57,15
S0290,Zoya Iqbal,Artificial Intelligence,7,3.57,20
S0299,Bilal Raza,Information Technology,4,3.56,21
S0442,Zoya Malik,Artificial Intelligence,6,3.56,15
S0009,Dua Iqbal,Software Engineering,3,3.55,18
S0153,Hassan Sheikh,Artificial Intelligence,3,3.55,20
S0426,Taha Nawaz,Computer Science,1,3.55,18
S0200,Ayesha Chaudhry,Software Engineering,1,3.55,20
S0085,Usman Raza,Software Engineering,2,3.55,18
S0348,Zain Butt,Data Science,8,3.54,16
S0466,Hira Malik,Artificial Intelligence,3,3.54,13
S0332,Noor Qureshi,Artificial Intelligence,5,3.53,12
S0247,Dua Qureshi,Information Technology,8,3.53,20
S0126,Noor Ahmed,Data Science,1,3.53,19
S0420,Hamza Raza,Artificial Intelligence,2,3.53,12
S0082,Zoya Ahmed,Computer Science,8,3.52,16
S0337,Zoya Sheikh,Cyber Security,4,3.52,19
S0433,Talha Raza,Data Science,1,3.52,15
S0282,Fatima Chaudhry,Data Science,8,3.52,16
S0472,Areeba Farooq,Information Technology,3,3.51,20
S0084,Ahmed Farooq,Information Technology,2,3.51,18
S0366,Bilal Siddiqui,Artificial Intelligence,1,3.51,16
S0068,Bilal Iqbal,Cyber Security,6,3.49,14
S0214,Maryam Ahmed,Cyber Security,7,3.48,21
S0141,Bilal Farooq,Software Engineering,2,3.48,21
S0465,Ali Khan,Artificial Intelligence,8,3.48,14
S0151,Hussain Latif,Data Science,8,3.47,18
S0295,Usman Akram,Information Technology,2,3.47,20
S0048,Maryam Khan,Computer Science,6,3.47,17
S0432,Talha Farooq,Software Engineering,8,3.47,12
S0523,Zoya Iqbal,Computer Science,3,3.46,13
S0130,Hassan Qureshi,Data Science,3,3.46,20
S0022,Ahmed Rehman,Computer Science,4,3.45,20
S0382,Sara Akram,Artificial Intelligence,4,3.45,12
S0323,Maryam Khan,Information Technology,5,3.45,14
S0017,Talha Akram,Computer Science,7,3.45,15
S0313,Sara Rehman,Information Technology,6,3.45,16
S0336,Fatima Raza,Data Science,1,3.44,19
S0506,Ali Raza,Artificial Intelligence,8,3.43,20
S0005,Hussain Nawaz,Artificial Intelligence,6,3.43,15
S0265,Bilal Qureshi,Cyber Security,5,3.43,19
S0142,Dua Nawaz,Cyber Security,2,3.43,19
S0405,Fatima Ahmed,Data Science,4,3.42,13
S0096,Hassan Ahmed,Artificial Intelligence,6,3.42,17
S0023,Zain Siddiqui,Software Engineering,2,3.42,20
S0204,Hussain Qureshi,Information Technology,1,3.41,18
S0012,Areeba Butt,Cyber Security,4,3.41,20
S0356,Zoya Butt,Computer Science,6,3.41,13
S0014,Dua Chaudhry,Computer Science,2,3.41,12
S0517,Hamza Rehman,Cyber Security,4,3.41,20
S0134,Usman Khan,Data Science,4,3.4,16
S0218,Talha Iqbal,Artificial Intelligence,4,3.4,15
S0406,Hassan Malik,Software Engineering,6,3.4,21
S0210,Ahmed Raza,Artificial Intelligence,5,3.4,18
S0444,Areeba Khan,Data Science,7,3.4,18
S0110,Hira Malik,Cyber Security,6,3.39,15
S0260,Usman Latif,Software Engineering,6,3.39,12
S0321,Sara Akram,Cyber Security,3,3.39,17
S0273,Zoya Siddiqui,Computer Science,1,3.38,13
S0192,Zoya Malik,Cyber Security,6,3.38,19
S0072,Talha Akram,Software Engineering,6,3.38,17
S0161,Usman Chaudhry,Software Engineering,6,3.38,14
S0483,Hassan Farooq,Data Science,4,3.38,15
S0185,Hussain Akram,Cyber Security,1,3.37,20
S0241,Ali Nawaz,Cyber Security,8,3.37,19
S0350,Ali Qureshi,Data Science,7,3.37,21
S0368,Talha Qureshi,Software Engineering,5,3.37,21
S0524,Ahmed Malik,Cyber Security,8,3.37,17
S0143,Usman Ahmed,Data Science,7,3.36,21
S0138,Bilal Farooq,Data Science,7,3.36,17
S0049,Ayesha Akram,Information Technology,4,3.35,13
S0099,Saad Akram,Information Technology,3,3.35,19
S0280,Bilal Iqbal,Artificial Intelligence,8,3.35,20
S0354,Sara Raza,Information Technology,6,3.34,20
S0001,Usman Latif,Data Science,7,3.34,16
S0285,Dua Chaudhry,Data Science,8,3.34,18
S0534,Areeba Butt,Cyber Security,1,3.34,21
S0237,Bilal Farooq,Software Engineering,8,3.33,13
S0166,Saad Nawaz,Information Technology,1,3.33,15
S0396,Hira Raza,Software Engineering,5,3.33,12
S0188,Bilal Akram,Artificial Intelligence,2,3.33,15
S0312,Noor Khan,Data Science,1,3.32,21
S0422,Zoya Qureshi,Computer Science,7,3.32,19
S0113,Noor Sheikh,Cyber Security,3,3.32,21
S0358,Usman Nawaz,Computer Science,6,3.3,18
S0255,Bilal Akram,Cyber Security,6,3.29,21
S0529,Dua Latif,Artificial Intelligence,5,3.27,13
S0021,Taha Farooq,Computer Science,7,3.27,20
S0477,Ali Rehman,Data Science,2,3.27,12
S0091,Bilal Raza,Cyber Security,8,3.24,12
S0107,Taha Ahmed,Cyber Security,2,3.24,19
S0052,Areeba Malik,Data Science,5,3.24,19
S0427,Bilal Butt,Artificial Intelligence,5,3.24,19
S0277,Dua Siddiqui,Artificial Intelligence,1,3.23,14
S0456,Hira Farooq,Computer Science,3,3.23,14
S0191,Maryam Siddiqui,Computer Science,4,3.21,19
S0505,Hassan Raza,Information Technology,5,3.2,20
S0492,Maryam Ahmed,Software Engineering,7,3.2,13
S0369,Usman Farooq,Cyber Security,8,3.2,14
S0325,Sara Akram,Cyber Security,4,3.2,21
S0412,Usman Chaudhry,Software Engineering,1,3.19,12
S0032,Sara Khan,Computer Science,8,3.19,18
S0327,Hassan Nawaz,Artificial Intelligence,7,3.19,19
S0102,Areeba Siddiqui,Artificial Intelligence,5,3.19,15
S0303,Hussain Farooq,Cyber Security,2,3.19,13
S0013,Dua Khan,Information Technology,2,3.18,19
S0203,Noor Akram,Software Engineering,6,3.18,17
S0458,Hussain Khan,Information Technology,4,3.18,15
S0065,Hussain Malik,Artificial Intelligence,4,3.18,15
S0507,Bilal Raza,Cyber Security,3,3.18,12
S0532,Areeba Ahmed,Computer Science,2,3.17,12
S0094,Maryam Ahmed,Cyber Security,7,3.17,17
S0027,Ahmed Rehman,Information Technology,3,3.17,15
S0339,Hussain Khan,Software Engineering,2,3.17,21
S0118,Sara Latif,Cyber Security,5,3.17,15
S0376,Ali Raza,Artificial Intelligence,2,3.17,16
S0108,Areeba Malik,Computer Science,6,3.16,17
S0441,Areeba Ahmed,Computer Science,2,3.16,19
S0414,Fatima Siddiqui,Software Engineering,3,3.16,13
S0140,Usman Raza,Cyber Security,4,3.16,17
S0283,Sara Siddiqui,Information Technology,1,3.16,15
S0514,Hassan Malik,Computer Science,3,3.15,14
S0334,Areeba Siddiqui,Computer Science,7,3.15,13
S0543,Hassan Akram,Cyber Security,5,3.14,17
S0522,Maryam Chaudhry,Cyber Security,8,3.14,19
S0069,Areeba Siddiqui,Computer Science,3,3.14,18
S0047,Hamza Nawaz,Artificial Intelligence,4,3.14,12
S0051,Usman Akram,Software Engineering,4,3.13,19
S0194,Hira Siddiqui,Information Technology,6,3.13,13
S0056,Usman Nawaz,Software Engineering,2,3.13,15
S0208,Maryam Sheikh,Software Engineering,2,3.12,18
S0075,Sara Iqbal,Data Science,8,3.12,18
S0479,Noor Chaudhry,Artificial Intelligence,2,3.11,17
S0149,Ahmed Farooq,Cyber Security,6,3.11,18
S0464,Talha Siddiqui,Data Science,7,3.1,16
S0291,Sara Qureshi,Data Science,4,3.09,20
S0117,Noor Siddiqui,Data Science,1,3.09,15
S0454,Zoya Akram,Software Engineering,8,3.09,12
S0455,Ahmed Qureshi,Information Technology,3,3.08,20
S0536,Dua Farooq,Information Technology,2,3.07,20
S0470,Sara Siddiqui,Data Science,2,3.07,20
S0498,Areeba Iqbal,Computer Science,8,3.06,18
S0236,Hamza Latif,Data Science,4,3.05,20
S0461,Maryam Butt,Software Engineering,2,3.04,16
S0307,Dua Akram,Artificial Intelligence,3,3.04,13
S0090,Talha Butt,Artificial Intelligence,5,3.04,18
S0333,Ayesha Ahmed,Information Technology,2,3.03,17
S0328,Taha Latif,Information Technology,5,3.03,14
S0317,Usman Chaudhry,Cyber Security,4,3.03,14
S0039,Hira Butt,Artificial Intelligence,4,3.03,15
S0078,Ahmed Raza,Software Engineering,1,3.03,20
S0226,Bilal Khan,Data Science,2,3.03,20
S0145,Ayesha Qureshi,Artificial Intelligence,3,3.02,15
S0453,Hira Iqbal,Computer Science,3,3.02,16
S0298,Noor Iqbal,Cyber Security,7,3.02,19
S0267,Usman Rehman,Information Technology,8,3.02,19
S0044,Zain Chaudhry,Data Science,7,3.01,15
S0463,Dua Qureshi,Cyber Security,8,3.01,18
S0144,Bilal Qureshi,Software Engineering,2,3.01,20
S0413,Bilal Latif,Computer Science,3,3.01,16
S0104,Ali Butt,Information Technology,7,3.0,19
S0345,Dua Siddiqui,Software Engineering,1,3.0,15
S0353,Bilal Khan,Computer Science,1,3.0,17
S0216,Zain Qureshi,Cyber Security,1,2.99,18
S0071,Sara Malik,Artificial Intelligence,6,2.99,14
S0293,Dua Qureshi,Software Engineering,4,2.99,13
S0380,Ahmed Akram,Artificial Intelligence,5,2.98,17
S0026,Dua Raza,Artificial Intelligence,2,2.98,16
S0519,Saad Butt,Artificial Intelligence,6,2.97,18
S0158,Dua Iqbal,Cyber Security,3,2.97,21
S0182,Zain Farooq,Cyber Security,4,2.96,14
S0169,Hussain Sheikh,Cyber Security,7,2.96,12
S0515,Ali Raza,Cyber Security,4,2.96,20
S0428,Hira Qureshi,Computer Science,6,2.95,13
S0063,Noor Siddiqui,Software Engineering,1,2.95,14
S0073,Ahmed Qureshi,Cyber Security,8,2.95,15
S0121,Hira Rehman,Software Engineering,2,2.94,21
S0128,Ahmed Malik,Data Science,5,2.94,14
S0363,Dua Khan,Computer Science,8,2.93,13
S0383,Ayesha Malik,Computer Science,4,2.92,21
S0183,Saad Rehman,Data Science,5,2.92,13
S0388,Hussain Ahmed,Artificial Intelligence,3,2.92,15
S0530,Hussain Iqbal,Cyber Security,7,2.92,19
S0074,Zain Farooq,Cyber Security,1,2.91,13
S0077,Bilal Akram,Information Technology,5,2.89,18
S0391,Zain Nawaz,Software Engineering,4,2.89,15
S0154,Hira Chaudhry,Information Technology,5,2.89,21
S0249,Sara Akram,Data Science,6,2.89,17
S0064,Hassan Latif,Computer Science,8,2.88,20
S0439,Ayesha Akram,Artificial Intelligence,3,2.88,16
S0150,Hamza Akram,Information Technology,6,2.88,14
S0550,Noor Siddiqui,Software Engineering,2,2.87,14
S0201,Fatima Siddiqui,Data Science,4,2.87,14
S0163,Saad Siddiqui,Software Engineering,3,2.87,14
S0011,Ahmed Siddiqui,Software Engineering,3,2.86,20
S0010,Hassan Latif,Cyber Security,8,2.85,13
S0476,Saad Sheikh,Information Technology,5,2.84,15
S0385,Hussain Butt,Information Technology,4,2.84,17
S0148,Zoya Qureshi,Artificial Intelligence,4,2.84,16
S0164,Talha Khan,Computer Science,5,2.84,12
S0089,Saad Latif,Information Technology,8,2.83,18
S0297,Hussain Rehman,Computer Science,8,2.83,16
S0175,Hira Sheikh,Software Engineering,3,2.83,12
S0146,Ayesha Farooq,Information Technology,4,2.82,17
S0034,Bilal Khan,Cyber Security,6,2.82,14
S0033,Noor Raza,Cyber Security,7,2.82,18
S0511,Noor Malik,Data Science,8,2.81,14
S0537,Ali Farooq,Computer Science,4,2.81,21
S0544,Hassan Malik,Artificial Intelligence,4,2.79,19
S0133,Hamza Khan,Data Science,2,2.79,16
S0278,Talha Khan,Computer Science,3,2.78,17
S0487,Zoya Khan,Artificial Intelligence,8,2.78,16
S0217,Fatima Rehman,Artificial Intelligence,2,2.78,19
S0178,Noor Ahmed,Software Engineering,3,2.78,18
S0261,Usman Rehman,Artificial Intelligence,3,2.77,18
S0097,Areeba Akram,Software Engineering,4,2.77,17
S0394,Zain Qureshi,Cyber Security,6,2.76,15
S0259,Talha Malik,Artificial Intelligence,7,2.75,17
S0330,Usman Siddiqui,Artificial Intelligence,7,2.75,12
S0462,Ahmed Akram,Artificial Intelligence,8,2.75,14
S0320,Hamza Sheikh,Artificial Intelligence,2,2.74,14
S0189,Zain Farooq,Cyber Security,2,2.74,12
S0403,Ahmed Akram,Data Science,4,2.74,16
S0402,Sara Raza,Software Engineering,3,2.73,16
S0401,Fatima Raza,Information Technology,8,2.73,12
S0228,Fatima Siddiqui,Computer Science,6,2.73,12
S0434,Sara Latif,Artificial Intelligence,8,2.73,18
S0035,Saad Sheikh,Artificial Intelligence,3,2.73,21
S0038,Ali Nawaz,Artificial Intelligence,8,2.73,16
S0440,Ali Khan,Software Engineering,3,2.72,15
S0165,Taha Ahmed,Artificial Intelligence,6,2.72,14
S0041,Dua Rehman,Artificial Intelligence,6,2.72,15
S0525,Hussain Qureshi,Computer Science,5,2.71,13
S0081,Talha Malik,Data Science,5,2.71,15
S0445,Sara Latif,Computer Science,2,2.7,21
S0086,Hamza Nawaz,Artificial Intelligence,1,2.69,17
S0446,Taha Akram,Artificial Intelligence,7,2.69,15
S0087,Zain Nawaz,Software Engineering,4,2.68,12
S0275,Fatima Akram,Software Engineering,4,2.68,12
S0300,Zain Qureshi,Software Engineering,6,2.68,16
S0015,Ali Raza,Information Technology,1,2.68,13
S0030,Ahmed Chaudhry,Data Science,3,2.67,20
S0170,Taha Farooq,Software Engineering,7,2.67,15
S0266,Hussain Farooq,Data Science,6,2.66,18
S0344,Fatima Latif,Cyber Security,2,2.66,21
S0088,Usman Butt,Information Technology,5,2.66,14
S0448,Usman Chaudhry,Software Engineering,1,2.65,16
S0109,Saad Khan,Cyber Security,5,2.65,18
S0365,Noor Ahmed,Cyber Security,1,2.65,20
S0186,Taha Nawaz,Cyber Security,2,2.65,12
S0101,Bilal Raza,Software Engineering,7,2.65,18
S0083,Dua Chaudhry,Cyber Security,8,2.65,18
S0179,Noor Ahmed,Computer Science,3,2.65,12
S0025,Fatima Butt,Software Engineering,7,2.64,19
S0257,Ali Latif,Information Technology,8,2.64,16
S0235,Saad Farooq,Data Science,8,2.64,20
S0535,Noor Qureshi,Artificial Intelligence,1,2.64,13
S0020,Usman Ahmed,Cyber Security,7,2.64,18
S0079,Fatima Butt,Computer Science,8,2.63,20
S0289,Taha Khan,Artificial Intelligence,1,2.63,21
S0508,Sara Latif,Computer Science,4,2.63,12
S0435,Ali Ahmed,Cyber Security,3,2.62,18
S0531,Sara Sheikh,Cyber Security,8,2.62,18
S0384,Hamza Raza,Software Engineering,7,2.61,13
S0127,Noor Latif,Software Engineering,2,2.61,17
S0177,Zoya Siddiqui,Data Science,1,2.6,20
S0058,Ali Siddiqui,Information Technology,6,2.6,19
S0301,Areeba Khan,Cyber Security,8,2.6,17
S0115,Taha Akram,Data Science,6,2.59,20
S0004,Areeba Raza,Software Engineering,4,2.59,21
S0062,Noor Malik,Cyber Security,7,2.58,16
S0392,Hussain Latif,Cyber Security,5,2.58,16
S0381,Areeba Rehman,Data Science,7,2.58,17
S0136,Ali Farooq,Cyber Security,5,2.58,19
S0221,Maryam Iqbal,Computer Science,7,2.57,14
S0375,Usman Farooq,Artificial Intelligence,3,2.57,20
S0233,Ayesha Rehman,Artificial Intelligence,7,2.57,17
S0193,Hira Khan,Information Technology,2,2.57,16
S0137,Ayesha Butt,Software Engineering,4,2.56,20
S0471,Sara Farooq,Software Engineering,4,2.56,12
S0276,Hira Latif,Software Engineering,2,2.56,19
S0281,Saad Chaudhry,Software Engineering,8,2.56,21
S0284,Talha Malik,Software Engineering,2,2.55,13
S0288,Ayesha Rehman,Artificial Intelligence,4,2.55,14
S0016,Sara Ahmed,Software Engineering,7,2.55,18
S0046,Hussain Akram,Cyber Security,4,2.54,15
S0503,Noor Raza,Artificial Intelligence,2,2.52,18
S0240,Noor Latif,Computer Science,2,2.51,16
S0451,Taha Butt,Artificial Intelligence,3,2.51,13
S0489,Zain Khan,Information Technology,7,2.51,13
S0355,Ali Nawaz,Cyber Security,8,2.51,14
S0318,Maryam Siddiqui,Information Technology,4,2.5,12
S0533,Saad Ahmed,Computer Science,6,2.49,18
S0425,Zain Iqbal,Cyber Security,1,2.49,21
S0181,Hira Qureshi,Software Engineering,8,2.49,17
S0542,Ali Farooq,Computer Science,1,2.49,21
S0070,Ali Chaudhry,Data Science,1,2.47,21
S0264,Fatima Latif,Artificial Intelligence,3,2.47,15
S0093,Zain Sheikh,Cyber Security,1,2.46,18
S0209,Zain Rehman,Data Science,6,2.46,18
S0379,Dua Nawaz,Artificial Intelligence,5,2.44,18
S0213,Taha Butt,Artificial Intelligence,7,2.44,13
S0272,Maryam Akram,Software Engineering,6,2.43,17
S0019,Bilal Chaudhry,Cyber Security,8,2.43,18
S0526,Dua Nawaz,Data Science,2,2.43,20
S0547,Sara Khan,Information Technology,3,2.43,18
S0467,Fatima Butt,Computer Science,3,2.43,13
S0234,Hassan Malik,Information Technology,7,2.43,12
S0057,Sara Khan,Software Engineering,7,2.42,18
S0156,Maryam Khan,Computer Science,7,2.42,16
S0482,Areeba Sheikh,Artificial Intelligence,3,2.42,21
S0018,Dua Rehman,Software Engineering,1,2.41,18
S0037,Areeba Akram,Artificial Intelligence,1,2.41,19
S0246,Fatima Malik,Artificial Intelligence,2,2.4,15
S0061,Maryam Nawaz,Information Technology,6,2.4,18
S0371,Noor Chaudhry,Artificial Intelligence,3,2.4,12
S0549,Areeba Iqbal,Information Technology,1,2.4,18
S0548,Bilal Qureshi,Computer Science,7,2.4,15
S0196,Sara Qureshi,Cyber Security,2,2.4,17
S0512,Zain Akram,Artificial Intelligence,3,2.4,14
S0315,Hira Sheikh,Data Science,5,2.39,17
S0340,Hassan Iqbal,Information Technology,6,2.39,20
S0007,Taha Siddiqui,Computer Science,3,2.39,20
S0416,Fatima Siddiqui,Information Technology,1,2.38,21
S0287,Dua Farooq,Software Engineering,4,2.38,20
S0386,Sara Butt,Data Science,4,2.38,18
S0157,Zoya Akram,Information Technology,5,2.38,20
S0497,Hassan Qureshi,Information Technology,6,2.38,15
S0176,Dua Khan,Information Technology,5,2.38,19
S0387,Sara Ahmed,Artificial Intelligence,1,2.37,16
S0230,Ali Latif,Software Engineering,5,2.37,21
S0224,Ali Ahmed,Artificial Intelligence,1,2.36,13
S0132,Sara Sheikh,Artificial Intelligence,3,2.36,13
S0378,Sara Malik,Software Engineering,3,2.35,14
S0436,Dua Farooq,Artificial Intelligence,5,2.35,16
S0502,Hassan Sheikh,Cyber Security,3,2.35,19
S0008,Zain Akram,Information Technology,3,2.34,20
S0251,Talha Siddiqui,Software Engineering,5,2.34,14
S0207,Maryam Khan,Information Technology,8,2.34,21
S0322,Noor Nawaz,Computer Science,5,2.33,20
S0223,Hussain Iqbal,Information Technology,3,2.33,12
S0540,Saad Butt,Computer Science,1,2.33,12
S0092,Saad Nawaz,Artificial Intelligence,1,2.32,18
S0205,Maryam Butt,Software Engineering,6,2.32,16
S0160,Usman Qureshi,Computer Science,6,2.32,14
S0341,Bilal Siddiqui,Artificial Intelligence,7,2.31,14
S0494,Hamza Nawaz,Data Science,6,2.29,17
S0231,Dua Ahmed,Artificial Intelligence,5,2.29,19
S0171,Talha Akram,Data Science,4,2.29,13
S0095,Bilal Khan,Artificial Intelligence,4,2.28,15
S0168,Zain Siddiqui,Computer Science,8,2.28,21
S0139,Talha Latif,Artificial Intelligence,3,2.28,21
S0256,Zain Siddiqui,Information Technology,5,2.28,15
S0319,Maryam Akram,Software Engineering,8,2.27,16
S0232,Maryam Nawaz,Data Science,2,2.27,15
S0050,Noor Siddiqui,Artificial Intelligence,6,2.27,21
S0106,Talha Rehman,Artificial Intelligence,8,2.27,18
S0263,Maryam Farooq,Software Engineering,1,2.27,13
S0036,Dua Raza,Information Technology,2,2.25,13
S0389,Hamza Latif,Data Science,7,2.25,21
S0490,Hussain Sheikh,Data Science,5,2.25,12
S0155,Hamza Ahmed,Computer Science,6,2.23,12
S0279,Dua Akram,Software Engineering,8,2.23,15
S0504,Hamza Latif,Information Technology,6,2.22,13
S0212,Zain Ahmed,Information Technology,8,2.22,16
S0360,Hassan Nawaz,Data Science,6,2.22,19
S0206,Ayesha Siddiqui,Cyber Security,2,2.22,12
S0527,Ali Siddiqui,Data Science,5,2.21,15
S0362,Bilal Farooq,Information Technology,8,2.21,16
S0031,Hussain Raza,Computer Science,7,2.21,21
S0219,Saad Latif,Information Technology,1,2.21,13
S0488,Maryam Nawaz,Data Science,7,2.21,19
S0377,Bilal Farooq,Information Technology,6,2.21,14
S0167,Hussain Ahmed,Software Engineering,7,2.2,19
S0040,Hussain Butt,Computer Science,8,2.2,18
S0311,Usman Raza,Data Science,5,2.2,20
S0418,Fatima Latif,Information Technology,8,2.2,21
S0347,Hussain Rehman,Computer Science,2,2.2,20
S0346,Hassan Nawaz,Data Science,2,2.2,15
S0499,Zain Malik,Data Science,2,2.2,16
S0404,Fatima Latif,Artificial Intelligence,7,2.19,19
S0254,Talha Siddiqui,Data Science,7,2.19,17
S0198,Bilal Raza,Computer Science,6,2.18,13
S0398,Taha Nawaz,Software Engineering,6,2.18,19
S0227,Bilal Rehman,Cyber Security,1,2.18,14
S0411,Ayesha Sheikh,Data Science,2,2.18,12
S0518,Hamza Siddiqui,Software Engineering,8,2.18,17
S0374,Areeba Farooq,Cyber Security,5,2.18,14
S0468,Dua Malik,Data Science,4,2.17,13
S0342,Ahmed Farooq,Artificial Intelligence,8,2.17,21
S0546,Ayesha Khan,Artificial Intelligence,3,2.14,13
S0437,Usman Chaudhry,Information Technology,4,2.14,14
S0372,Sara Rehman,Data Science,1,2.14,18
S0528,Bilal Rehman,Cyber Security,7,2.12,19
S0190,Hamza Sheikh,Artificial Intelligence,3,2.12,20
S0125,Hira Raza,Information Technology,5,2.12,17
S0520,Talha Ahmed,Software Engineering,7,2.12,17
S0225,Hassan Butt,Artificial Intelligence,6,2.12,14
S0055,Noor Khan,Information Technology,3,2.12,14
S0043,Ayesha Ahmed,Cyber Security,4,2.12,17
S0509,Taha Qureshi,Cyber Security,2,2.11,17
S0449,Usman Akram,Computer Science,1,2.11,21
S0302,Zain Ahmed,Computer Science,6,2.11,20
S0305,Areeba Qureshi,Software Engineering,4,2.1,13
S0400,Hira Siddiqui,Data Science,8,2.1,20
S0239,Ali Chaudhry,Information Technology,8,2.1,19
S0343,Usman Iqbal,Cyber Security,1,2.09,14
S0180,Ahmed Iqbal,Information Technology,5,2.09,12
S0486,Areeba Sheikh,Information Technology,8,2.08,13
S0199,Maryam Raza,Cyber Security,4,2.07,13
S0361,Dua Farooq,Artificial Intelligence,1,2.07,16
S0335,Noor Nawaz,Data Science,1,2.07,13
S0447,Ayesha Siddiqui,Cyber Security,4,2.06,12
S0421,Zoya Khan,Artificial Intelligence,2,2.06,13
S0105,Talha Khan,Software Engineering,7,2.06,12
S0357,Talha Siddiqui,Information Technology,7,2.05,14
S0258,Saad Sheikh,Software Engineering,4,2.04,15
S0443,Maryam Sheikh,Artificial Intelligence,1,2.04,18
S0129,Fatima Raza,Software Engineering,1,2.04,15
S0076,Usman Butt,Data Science,8,2.03,14
S0243,Fatima Qureshi,Data Science,5,2.03,13
S0324,Hira Raza,Cyber Security,3,2.02,16
S0419,Talha Ahmed,Data Science,1,2.02,19
S0197,Ayesha Siddiqui,Information Technology,6,2.02,19
S0066,Bilal Nawaz,Data Science,3,2.0,14
S0271,Ayesha Chaudhry,Cyber Security,1,2.0,13
